{"summaries":[{"symbol":{"__symbol":0,"members":[]},"metadata":{"__symbolic":"class"},"type":{"summaryKind":2,"type":{"reference":{"__symbol":0,"members":[]},"diDeps":[],"lifecycleHooks":[]},"entryComponents":[],"providers":[{"provider":{"token":{"identifier":{"reference":{"__symbol":1,"members":[]},"diDeps":[],"lifecycleHooks":[]}},"useClass":{"reference":{"__symbol":1,"members":[]},"diDeps":[],"lifecycleHooks":[]},"useFactory":null,"deps":[],"multi":false},"module":{"reference":{"__symbol":2,"members":[]},"diDeps":[],"lifecycleHooks":[]}},{"provider":{"token":{"identifier":{"reference":{"__symbol":3,"members":[]}}},"useClass":{"reference":{"__symbol":4,"members":[]},"diDeps":[{"isAttribute":false,"isHost":false,"isSelf":false,"isSkipSelf":false,"isOptional":false,"token":{"identifier":{"reference":{"__symbol":5,"members":[]}}}}],"lifecycleHooks":[]},"useFactory":null,"deps":[{"isAttribute":false,"isHost":false,"isSelf":false,"isSkipSelf":false,"isOptional":false,"token":{"identifier":{"reference":{"__symbol":5,"members":[]}}}}],"multi":false},"module":{"reference":{"__symbol":6,"members":[]},"diDeps":[],"lifecycleHooks":[]}}],"modules":[{"reference":{"__symbol":7,"members":[]},"diDeps":[],"lifecycleHooks":[]},{"reference":{"__symbol":2,"members":[]},"diDeps":[],"lifecycleHooks":[]},{"reference":{"__symbol":6,"members":[]},"diDeps":[],"lifecycleHooks":[]},{"reference":{"__symbol":0,"members":[]},"diDeps":[],"lifecycleHooks":[]}],"exportedDirectives":[{"reference":{"__symbol":8,"members":[]}}],"exportedPipes":[]}}],"symbols":[{"__symbol":0,"name":"VoiceInputUtil","filePath":"/home/nithincv/dev/voicelistner/src/voicelistner/index.d.ts"},{"__symbol":1,"name":"ɵi","filePath":"/home/nithincv/dev/voicelistner/node_modules/@angular/forms/forms.d.ts"},{"__symbol":2,"name":"FormsModule","filePath":"/home/nithincv/dev/voicelistner/node_modules/@angular/forms/forms.d.ts"},{"__symbol":3,"name":"NgLocalization","filePath":"/home/nithincv/dev/voicelistner/node_modules/@angular/common/common.d.ts"},{"__symbol":4,"name":"NgLocaleLocalization","filePath":"/home/nithincv/dev/voicelistner/node_modules/@angular/common/common.d.ts"},{"__symbol":5,"name":"LOCALE_ID","filePath":"/home/nithincv/dev/voicelistner/node_modules/@angular/core/core.d.ts"},{"__symbol":6,"name":"CommonModule","filePath":"/home/nithincv/dev/voicelistner/node_modules/@angular/common/common.d.ts"},{"__symbol":7,"name":"ɵba","filePath":"/home/nithincv/dev/voicelistner/node_modules/@angular/forms/forms.d.ts"},{"__symbol":8,"name":"VoiceInput","filePath":"/home/nithincv/dev/voicelistner/src/voicelistner/voicelistner.d.ts"}]}