{"summaries":[{"symbol":{"__symbol":0,"members":[]},"metadata":{"__symbolic":"class","members":{"onListeningVoice":[{"__symbolic":"property","decorators":[{"__symbolic":"call","expression":{"__symbol":1,"members":[]}}]}],"__ctor__":[{"__symbolic":"constructor","parameters":[{"__symbol":2,"members":[]}]}],"handleOnListening":[{"__symbolic":"method"}],"toggleMicOnActivationClick":[{"__symbolic":"method"}],"start":[{"__symbolic":"method"}],"stop":[{"__symbolic":"method"}]}},"type":{"summaryKind":1,"type":{"reference":{"__symbol":0,"members":[]},"diDeps":[{"isAttribute":false,"isHost":false,"isSelf":false,"isSkipSelf":false,"isOptional":false,"token":{"identifier":{"reference":{"__symbol":2,"members":[]}}}}],"lifecycleHooks":[]},"isComponent":true,"selector":"voice-listner","exportAs":null,"inputs":{},"outputs":{"onListeningVoice":"onListeningVoice"},"hostListeners":{},"hostProperties":{},"hostAttributes":{},"providers":[],"viewProviders":[],"queries":[],"viewQueries":[],"entryComponents":[],"changeDetection":1,"template":{"animations":[],"ngContentSelectors":[],"encapsulation":0},"componentViewType":{"__symbol":3,"members":[]},"rendererType":{"__symbol":4,"members":[]},"componentFactory":{"__symbol":5,"members":[]}}}],"symbols":[{"__symbol":0,"name":"VoiceInput","filePath":"/home/nithincv/dev/voicelistner/src/voicelistner/voicelistner.d.ts"},{"__symbol":1,"name":"Output","filePath":"/home/nithincv/dev/voicelistner/node_modules/@angular/core/core.d.ts"},{"__symbol":2,"name":"NgZone","filePath":"/home/nithincv/dev/voicelistner/node_modules/@angular/core/core.d.ts"},{"__symbol":3,"name":"View_VoiceInput_0","filePath":"/home/nithincv/dev/voicelistner/src/voicelistner/voicelistner.ngfactory.d.ts"},{"__symbol":4,"name":"RenderType_VoiceInput","filePath":"/home/nithincv/dev/voicelistner/src/voicelistner/voicelistner.ngfactory.d.ts"},{"__symbol":5,"name":"VoiceInputNgFactory","filePath":"/home/nithincv/dev/voicelistner/src/voicelistner/voicelistner.ngfactory.d.ts"}]}